time,hangout_id,participant_id,volume
1436334331722,1,hangout82EFB70C_ephemeral.id.google.com^7a88fe6191d420,0
1436334462755,1,hangoutA2304237_ephemeral.id.google.com^6e03097151c598,2
1436334462889,1,hangoutA2304237_ephemeral.id.google.com^6e03097151c598,1
1436334462913,1,hangoutA2304237_ephemeral.id.google.com^6e03097151c598,0
1436334545818,1,hangoutA2304237_ephemeral.id.google.com^6e03097151c598,1
1436334546014,1,hangoutA2304237_ephemeral.id.google.com^6e03097151c598,0
1436334578292,1,hangoutA2304237_ephemeral.id.google.com^6e03097151c598,1
1436334578591,1,hangoutA2304237_ephemeral.id.google.com^6e03097151c598,0
1436334604413,1,hangoutA2304237_ephemeral.id.google.com^6e03097151c598,1
1436334604615,1,hangoutA2304237_ephemeral.id.google.com^6e03097151c598,0
1436334627841,1,hangoutA2304237_ephemeral.id.google.com^6e03097151c598,1
1436334627862,1,hangoutA2304237_ephemeral.id.google.com^6e03097151c598,3
1436334628024,1,hangoutA2304237_ephemeral.id.google.com^6e03097151c598,2
1436334628116,1,hangoutA2304237_ephemeral.id.google.com^6e03097151c598,0
1436334628268,1,hangoutA2304237_ephemeral.id.google.com^6e03097151c598,1
1436334628369,1,hangoutA2304237_ephemeral.id.google.com^6e03097151c598,4
1436334628476,1,hangoutA2304237_ephemeral.id.google.com^6e03097151c598,3
1436334628575,1,hangoutA2304237_ephemeral.id.google.com^6e03097151c598,1
1436334628779,1,hangoutA2304237_ephemeral.id.google.com^6e03097151c598,0
1436334629284,1,hangoutA2304237_ephemeral.id.google.com^6e03097151c598,4
1436334629417,1,hangoutA2304237_ephemeral.id.google.com^6e03097151c598,3
1436334629587,1,hangoutA2304237_ephemeral.id.google.com^6e03097151c598,1
1436334629887,1,hangoutA2304237_ephemeral.id.google.com^6e03097151c598,0
1436334629890,1,hangoutA2304237_ephemeral.id.google.com^6e03097151c598,2
1436334630497,1,hangoutA2304237_ephemeral.id.google.com^6e03097151c598,0
1436334630911,1,hangoutA2304237_ephemeral.id.google.com^6e03097151c598,3
1436334630913,1,hangoutA2304237_ephemeral.id.google.com^6e03097151c598,2
1436334630997,1,hangoutA2304237_ephemeral.id.google.com^6e03097151c598,3
1436334631106,1,hangoutA2304237_ephemeral.id.google.com^6e03097151c598,2
1436334631308,1,hangoutA2304237_ephemeral.id.google.com^6e03097151c598,5
1436334631461,1,hangoutA2304237_ephemeral.id.google.com^6e03097151c598,2
1436334631509,1,hangoutA2304237_ephemeral.id.google.com^6e03097151c598,3
1436334631554,1,hangoutA2304237_ephemeral.id.google.com^6e03097151c598,5
1436334631714,1,hangoutA2304237_ephemeral.id.google.com^6e03097151c598,4
1436334631739,1,hangoutA2304237_ephemeral.id.google.com^6e03097151c598,3
1436334631816,1,hangoutA2304237_ephemeral.id.google.com^6e03097151c598,2
1436334631831,1,hangoutA2304237_ephemeral.id.google.com^6e03097151c598,1
1436334631916,1,hangoutA2304237_ephemeral.id.google.com^6e03097151c598,4
1436334631925,1,hangoutA2304237_ephemeral.id.google.com^6e03097151c598,3
1436334632017,1,hangoutA2304237_ephemeral.id.google.com^6e03097151c598,4
1436334632112,1,hangoutA2304237_ephemeral.id.google.com^6e03097151c598,3
1436334632117,1,hangoutA2304237_ephemeral.id.google.com^6e03097151c598,2
1436334632205,1,hangoutA2304237_ephemeral.id.google.com^6e03097151c598,1
1436334632222,1,hangoutA2304237_ephemeral.id.google.com^6e03097151c598,2
1436334632296,1,hangoutA2304237_ephemeral.id.google.com^6e03097151c598,1
1436334632321,1,hangoutA2304237_ephemeral.id.google.com^6e03097151c598,0
1436334632522,1,hangoutA2304237_ephemeral.id.google.com^6e03097151c598,1
1436334632577,1,hangoutA2304237_ephemeral.id.google.com^6e03097151c598,0
1436334632623,1,hangoutA2304237_ephemeral.id.google.com^6e03097151c598,2
1436334632856,1,hangoutA2304237_ephemeral.id.google.com^6e03097151c598,3
1436334632948,1,hangoutA2304237_ephemeral.id.google.com^6e03097151c598,2
1436334633127,1,hangoutA2304237_ephemeral.id.google.com^6e03097151c598,1
1436334633228,1,hangoutA2304237_ephemeral.id.google.com^6e03097151c598,2
1436334633531,1,hangoutA2304237_ephemeral.id.google.com^6e03097151c598,0
1436334633737,1,hangoutA2304237_ephemeral.id.google.com^6e03097151c598,1
1436334633946,1,hangoutA2304237_ephemeral.id.google.com^6e03097151c598,0
1436334634144,1,hangoutA2304237_ephemeral.id.google.com^6e03097151c598,1
1436334634243,1,hangoutA2304237_ephemeral.id.google.com^6e03097151c598,0
1436334634548,1,hangoutA2304237_ephemeral.id.google.com^6e03097151c598,3
1436334634621,1,hangoutA2304237_ephemeral.id.google.com^6e03097151c598,5
1436334635052,1,hangoutA2304237_ephemeral.id.google.com^6e03097151c598,4
1436334635083,1,hangoutA2304237_ephemeral.id.google.com^6e03097151c598,2
1436334635153,1,hangoutA2304237_ephemeral.id.google.com^6e03097151c598,5
1436334635175,1,hangoutA2304237_ephemeral.id.google.com^6e03097151c598,4
1436334635252,1,hangoutA2304237_ephemeral.id.google.com^6e03097151c598,5
1436334635358,1,hangoutA2304237_ephemeral.id.google.com^6e03097151c598,3
1436334635364,1,hangoutA2304237_ephemeral.id.google.com^6e03097151c598,2
1436334635455,1,hangoutA2304237_ephemeral.id.google.com^6e03097151c598,4
1436334635641,1,hangoutA2304237_ephemeral.id.google.com^6e03097151c598,2
1436334635733,1,hangoutA2304237_ephemeral.id.google.com^6e03097151c598,3
1436334635863,1,hangoutA2304237_ephemeral.id.google.com^6e03097151c598,1
1436334635919,1,hangoutA2304237_ephemeral.id.google.com^6e03097151c598,2
1436334636065,1,hangoutA2304237_ephemeral.id.google.com^6e03097151c598,0
1436334636269,1,hangoutA2304237_ephemeral.id.google.com^6e03097151c598,2
1436334636370,1,hangoutA2304237_ephemeral.id.google.com^6e03097151c598,3
1436334636473,1,hangoutA2304237_ephemeral.id.google.com^6e03097151c598,5
1436334636476,1,hangoutA2304237_ephemeral.id.google.com^6e03097151c598,4
1436334636568,1,hangoutA2304237_ephemeral.id.google.com^6e03097151c598,5
1436334636661,1,hangoutA2304237_ephemeral.id.google.com^6e03097151c598,2
1436334636756,1,hangoutA2304237_ephemeral.id.google.com^6e03097151c598,1
1436334636778,1,hangoutA2304237_ephemeral.id.google.com^6e03097151c598,2
1436334636847,1,hangoutA2304237_ephemeral.id.google.com^6e03097151c598,3
1436334636880,1,hangoutA2304237_ephemeral.id.google.com^6e03097151c598,5
1436334636981,1,hangoutA2304237_ephemeral.id.google.com^6e03097151c598,4
1436334637082,1,hangoutA2304237_ephemeral.id.google.com^6e03097151c598,3
1436334637127,1,hangoutA2304237_ephemeral.id.google.com^6e03097151c598,2
1436334637285,1,hangoutA2304237_ephemeral.id.google.com^6e03097151c598,3
1436334637314,1,hangoutA2304237_ephemeral.id.google.com^6e03097151c598,2
1436334637388,1,hangoutA2304237_ephemeral.id.google.com^6e03097151c598,3
1436334637589,1,hangoutA2304237_ephemeral.id.google.com^6e03097151c598,2
1436334637686,1,hangoutA2304237_ephemeral.id.google.com^6e03097151c598,3
1436334637776,1,hangoutA2304237_ephemeral.id.google.com^6e03097151c598,2
1436334638057,1,hangoutA2304237_ephemeral.id.google.com^6e03097151c598,3
1436334638148,1,hangoutA2304237_ephemeral.id.google.com^6e03097151c598,2
1436334638299,1,hangoutA2304237_ephemeral.id.google.com^6e03097151c598,3
1436334638399,1,hangoutA2304237_ephemeral.id.google.com^6e03097151c598,2
1436334638600,1,hangoutA2304237_ephemeral.id.google.com^6e03097151c598,1
1436334638702,1,hangoutA2304237_ephemeral.id.google.com^6e03097151c598,0
1436334638987,1,hangoutA2304237_ephemeral.id.google.com^6e03097151c598,2
1436334639209,1,hangoutA2304237_ephemeral.id.google.com^6e03097151c598,3
1436334639414,1,hangoutA2304237_ephemeral.id.google.com^6e03097151c598,2
1436334639448,1,hangoutA2304237_ephemeral.id.google.com^6e03097151c598,1
1436334639514,1,hangoutA2304237_ephemeral.id.google.com^6e03097151c598,3
1436334639615,1,hangoutA2304237_ephemeral.id.google.com^6e03097151c598,2
1436334639719,1,hangoutA2304237_ephemeral.id.google.com^6e03097151c598,1
1436334639725,1,hangoutA2304237_ephemeral.id.google.com^6e03097151c598,0
1436334640005,1,hangoutA2304237_ephemeral.id.google.com^6e03097151c598,1
1436334640019,1,hangoutA2304237_ephemeral.id.google.com^6e03097151c598,2
1436334640121,1,hangoutA2304237_ephemeral.id.google.com^6e03097151c598,0
1436334640226,1,hangoutA2304237_ephemeral.id.google.com^6e03097151c598,2
1436334640325,1,hangoutA2304237_ephemeral.id.google.com^6e03097151c598,5
1436334640469,1,hangoutA2304237_ephemeral.id.google.com^6e03097151c598,3
1436334640656,1,hangoutA2304237_ephemeral.id.google.com^6e03097151c598,2
1436334640729,1,hangoutA2304237_ephemeral.id.google.com^6e03097151c598,3
1436334640841,1,hangoutA2304237_ephemeral.id.google.com^6e03097151c598,2
1436334641026,1,hangoutA2304237_ephemeral.id.google.com^6e03097151c598,3
1436334641121,1,hangoutA2304237_ephemeral.id.google.com^6e03097151c598,2
1436334641213,1,hangoutA2304237_ephemeral.id.google.com^6e03097151c598,4
1436334641233,1,hangoutA2304237_ephemeral.id.google.com^6e03097151c598,5
1436334641334,1,hangoutA2304237_ephemeral.id.google.com^6e03097151c598,3
1436334641436,1,hangoutA2304237_ephemeral.id.google.com^6e03097151c598,4
1436334641491,1,hangoutA2304237_ephemeral.id.google.com^6e03097151c598,3
1436334641535,1,hangoutA2304237_ephemeral.id.google.com^6e03097151c598,5
1436334641678,1,hangoutA2304237_ephemeral.id.google.com^6e03097151c598,3
1436334641771,1,hangoutA2304237_ephemeral.id.google.com^6e03097151c598,2
1436334641940,1,hangoutA2304237_ephemeral.id.google.com^6e03097151c598,1
1436334641955,1,hangoutA2304237_ephemeral.id.google.com^6e03097151c598,0
1436334642040,1,hangoutA2304237_ephemeral.id.google.com^6e03097151c598,3
1436334642446,1,hangoutA2304237_ephemeral.id.google.com^6e03097151c598,2
1436334642650,1,hangoutA2304237_ephemeral.id.google.com^6e03097151c598,3
1436334642853,1,hangoutA2304237_ephemeral.id.google.com^6e03097151c598,2
1436334642885,1,hangoutA2304237_ephemeral.id.google.com^6e03097151c598,3
1436334642955,1,hangoutA2304237_ephemeral.id.google.com^6e03097151c598,2
1436334643157,1,hangoutA2304237_ephemeral.id.google.com^6e03097151c598,5
1436334643362,1,hangoutA2304237_ephemeral.id.google.com^6e03097151c598,3
1436334643441,1,hangoutA2304237_ephemeral.id.google.com^6e03097151c598,0
1436334643459,1,hangoutA2304237_ephemeral.id.google.com^6e03097151c598,2
1436334643563,1,hangoutA2304237_ephemeral.id.google.com^6e03097151c598,3
1436334643668,1,hangoutA2304237_ephemeral.id.google.com^6e03097151c598,4
1436334643767,1,hangoutA2304237_ephemeral.id.google.com^6e03097151c598,3
1436334643868,1,hangoutA2304237_ephemeral.id.google.com^6e03097151c598,2
1436334643973,1,hangoutA2304237_ephemeral.id.google.com^6e03097151c598,5
1436334643999,1,hangoutA2304237_ephemeral.id.google.com^6e03097151c598,2
1436334644070,1,hangoutA2304237_ephemeral.id.google.com^6e03097151c598,5
1436334644170,1,hangoutA2304237_ephemeral.id.google.com^6e03097151c598,2
1436334644186,1,hangoutA2304237_ephemeral.id.google.com^6e03097151c598,3
1436334644274,1,hangoutA2304237_ephemeral.id.google.com^6e03097151c598,2
1436334644370,1,hangoutA2304237_ephemeral.id.google.com^6e03097151c598,3
1436334644465,1,hangoutA2304237_ephemeral.id.google.com^6e03097151c598,1
1436334644475,1,hangoutA2304237_ephemeral.id.google.com^6e03097151c598,2
1436334644556,1,hangoutA2304237_ephemeral.id.google.com^6e03097151c598,0
1436334644576,1,hangoutA2304237_ephemeral.id.google.com^6e03097151c598,4
1436334644649,1,hangoutA2304237_ephemeral.id.google.com^6e03097151c598,5
1436334644741,1,hangoutA2304237_ephemeral.id.google.com^6e03097151c598,3
1436334644781,1,hangoutA2304237_ephemeral.id.google.com^6e03097151c598,2
1436334644881,1,hangoutA2304237_ephemeral.id.google.com^6e03097151c598,3
1436334644982,1,hangoutA2304237_ephemeral.id.google.com^6e03097151c598,1
1436334645022,1,hangoutA2304237_ephemeral.id.google.com^6e03097151c598,0
1436334645287,1,hangoutA2304237_ephemeral.id.google.com^6e03097151c598,5
1436334645300,1,hangoutA2304237_ephemeral.id.google.com^6e03097151c598,0
1436334645388,1,hangoutA2304237_ephemeral.id.google.com^6e03097151c598,5
1436334645670,1,hangoutA2304237_ephemeral.id.google.com^6e03097151c598,1
1436334645691,1,hangoutA2304237_ephemeral.id.google.com^6e03097151c598,2
1436334645765,1,hangoutA2304237_ephemeral.id.google.com^6e03097151c598,5
1436334646095,1,hangoutA2304237_ephemeral.id.google.com^6e03097151c598,2
1436334646135,1,hangoutA2304237_ephemeral.id.google.com^6e03097151c598,1
1436334646200,1,hangoutA2304237_ephemeral.id.google.com^6e03097151c598,0
1436334646298,1,hangoutA2304237_ephemeral.id.google.com^6e03097151c598,2
1436334646400,1,hangoutA2304237_ephemeral.id.google.com^6e03097151c598,3
1436334646413,1,hangoutA2304237_ephemeral.id.google.com^6e03097151c598,2
1436334646500,1,hangoutA2304237_ephemeral.id.google.com^6e03097151c598,3
1436334646697,1,hangoutA2304237_ephemeral.id.google.com^6e03097151c598,2
1436334646878,1,hangoutA2304237_ephemeral.id.google.com^6e03097151c598,4
1436334646971,1,hangoutA2304237_ephemeral.id.google.com^6e03097151c598,2
1436334647107,1,hangoutA2304237_ephemeral.id.google.com^6e03097151c598,3
1436334647209,1,hangoutA2304237_ephemeral.id.google.com^6e03097151c598,2
1436334647617,1,hangoutA2304237_ephemeral.id.google.com^6e03097151c598,1
1436334647622,1,hangoutA2304237_ephemeral.id.google.com^6e03097151c598,2
1436334647713,1,hangoutA2304237_ephemeral.id.google.com^6e03097151c598,1
1436334647720,1,hangoutA2304237_ephemeral.id.google.com^6e03097151c598,3
1436334647819,1,hangoutA2304237_ephemeral.id.google.com^6e03097151c598,2
1436334647925,1,hangoutA2304237_ephemeral.id.google.com^6e03097151c598,1
1436334648021,1,hangoutA2304237_ephemeral.id.google.com^6e03097151c598,3
1436334648178,1,hangoutA2304237_ephemeral.id.google.com^6e03097151c598,1
1436334648227,1,hangoutA2304237_ephemeral.id.google.com^6e03097151c598,2
1436334648366,1,hangoutA2304237_ephemeral.id.google.com^6e03097151c598,1
1436334648459,1,hangoutA2304237_ephemeral.id.google.com^6e03097151c598,0
1436334648528,1,hangoutA2304237_ephemeral.id.google.com^6e03097151c598,3
1436334648630,1,hangoutA2304237_ephemeral.id.google.com^6e03097151c598,2
1436334648731,1,hangoutA2304237_ephemeral.id.google.com^6e03097151c598,3
1436334648828,1,hangoutA2304237_ephemeral.id.google.com^6e03097151c598,4
1436334648833,1,hangoutA2304237_ephemeral.id.google.com^6e03097151c598,5
1436334648935,1,hangoutA2304237_ephemeral.id.google.com^6e03097151c598,4
1436334649015,1,hangoutA2304237_ephemeral.id.google.com^6e03097151c598,2
1436334649106,1,hangoutA2304237_ephemeral.id.google.com^6e03097151c598,1
1436334649237,1,hangoutA2304237_ephemeral.id.google.com^6e03097151c598,2
1436334649387,1,hangoutA2304237_ephemeral.id.google.com^6e03097151c598,5
1436334649541,1,hangoutA2304237_ephemeral.id.google.com^6e03097151c598,3
1436334649571,1,hangoutA2304237_ephemeral.id.google.com^6e03097151c598,2
1436334649743,1,hangoutA2304237_ephemeral.id.google.com^6e03097151c598,1
1436334649758,1,hangoutA2304237_ephemeral.id.google.com^6e03097151c598,0
1436334650350,1,hangoutA2304237_ephemeral.id.google.com^6e03097151c598,2
1436334650454,1,hangoutA2304237_ephemeral.id.google.com^6e03097151c598,3
1436334650556,1,hangoutA2304237_ephemeral.id.google.com^6e03097151c598,5
1436334650599,1,hangoutA2304237_ephemeral.id.google.com^6e03097151c598,0
1436334650659,1,hangoutA2304237_ephemeral.id.google.com^6e03097151c598,5
1436334650778,1,hangoutA2304237_ephemeral.id.google.com^6e03097151c598,3
1436334650859,1,hangoutA2304237_ephemeral.id.google.com^6e03097151c598,2
1436334650962,1,hangoutA2304237_ephemeral.id.google.com^6e03097151c598,3
1436334651243,1,hangoutA2304237_ephemeral.id.google.com^6e03097151c598,2
1436334651263,1,hangoutA2304237_ephemeral.id.google.com^6e03097151c598,3
1436334651337,1,hangoutA2304237_ephemeral.id.google.com^6e03097151c598,5
1436334651467,1,hangoutA2304237_ephemeral.id.google.com^6e03097151c598,3
1436334651571,1,hangoutA2304237_ephemeral.id.google.com^6e03097151c598,4
1436334651708,1,hangoutA2304237_ephemeral.id.google.com^6e03097151c598,3
1436334651773,1,hangoutA2304237_ephemeral.id.google.com^6e03097151c598,5
1436334651874,1,hangoutA2304237_ephemeral.id.google.com^6e03097151c598,3
1436334651897,1,hangoutA2304237_ephemeral.id.google.com^6e03097151c598,5
1436334651975,1,hangoutA2304237_ephemeral.id.google.com^6e03097151c598,3
1436334651985,1,hangoutA2304237_ephemeral.id.google.com^6e03097151c598,0
1436334652077,1,hangoutA2304237_ephemeral.id.google.com^6e03097151c598,3
1436334652175,1,hangoutA2304237_ephemeral.id.google.com^6e03097151c598,2
1436334652179,1,hangoutA2304237_ephemeral.id.google.com^6e03097151c598,3
1436334652266,1,hangoutA2304237_ephemeral.id.google.com^6e03097151c598,4
1436334652357,1,hangoutA2304237_ephemeral.id.google.com^6e03097151c598,2
1436334652450,1,hangoutA2304237_ephemeral.id.google.com^6e03097151c598,5
1436334652583,1,hangoutA2304237_ephemeral.id.google.com^6e03097151c598,2
1436334652684,1,hangoutA2304237_ephemeral.id.google.com^6e03097151c598,3
1436334652784,1,hangoutA2304237_ephemeral.id.google.com^6e03097151c598,2
1436334652991,1,hangoutA2304237_ephemeral.id.google.com^6e03097151c598,3
1436334653092,1,hangoutA2304237_ephemeral.id.google.com^6e03097151c598,2
1436334653194,1,hangoutA2304237_ephemeral.id.google.com^6e03097151c598,5
1436334653195,1,hangoutA2304237_ephemeral.id.google.com^6e03097151c598,2
1436334653288,1,hangoutA2304237_ephemeral.id.google.com^6e03097151c598,5
1436334653379,1,hangoutA2304237_ephemeral.id.google.com^6e03097151c598,2
1436334653565,1,hangoutA2304237_ephemeral.id.google.com^6e03097151c598,3
1436334653598,1,hangoutA2304237_ephemeral.id.google.com^6e03097151c598,5
1436334653807,1,hangoutA2304237_ephemeral.id.google.com^6e03097151c598,4
1436334653904,1,hangoutA2304237_ephemeral.id.google.com^6e03097151c598,3
1436334654013,1,hangoutA2304237_ephemeral.id.google.com^6e03097151c598,5
1436334654028,1,hangoutA2304237_ephemeral.id.google.com^6e03097151c598,3
1436334654109,1,hangoutA2304237_ephemeral.id.google.com^6e03097151c598,5
1436334654210,1,hangoutA2304237_ephemeral.id.google.com^6e03097151c598,3
1436334654309,1,hangoutA2304237_ephemeral.id.google.com^6e03097151c598,2
1436334654311,1,hangoutA2304237_ephemeral.id.google.com^6e03097151c598,5
1436334654494,1,hangoutA2304237_ephemeral.id.google.com^6e03097151c598,4
1436334654512,1,hangoutA2304237_ephemeral.id.google.com^6e03097151c598,5
1436334654679,1,hangoutA2304237_ephemeral.id.google.com^6e03097151c598,2
1436334654773,1,hangoutA2304237_ephemeral.id.google.com^6e03097151c598,3
1436334655051,1,hangoutA2304237_ephemeral.id.google.com^6e03097151c598,2
1436334655121,1,hangoutA2304237_ephemeral.id.google.com^6e03097151c598,1
1436334655143,1,hangoutA2304237_ephemeral.id.google.com^6e03097151c598,0
1436334655425,1,hangoutA2304237_ephemeral.id.google.com^6e03097151c598,5
1436334655525,1,hangoutA2304237_ephemeral.id.google.com^6e03097151c598,4
1436334655612,1,hangoutA2304237_ephemeral.id.google.com^6e03097151c598,1
1436334655629,1,hangoutA2304237_ephemeral.id.google.com^6e03097151c598,5
1436334655981,1,hangoutA2304237_ephemeral.id.google.com^6e03097151c598,2
1436334656031,1,hangoutA2304237_ephemeral.id.google.com^6e03097151c598,4
1436334656073,1,hangoutA2304237_ephemeral.id.google.com^6e03097151c598,5
1436334656336,1,hangoutA2304237_ephemeral.id.google.com^6e03097151c598,4
1436334656438,1,hangoutA2304237_ephemeral.id.google.com^6e03097151c598,2
1436334656445,1,hangoutA2304237_ephemeral.id.google.com^6e03097151c598,3
1436334656538,1,hangoutA2304237_ephemeral.id.google.com^6e03097151c598,0
1436334656629,1,hangoutA2304237_ephemeral.id.google.com^6e03097151c598,2
1436334656638,1,hangoutA2304237_ephemeral.id.google.com^6e03097151c598,4
1436334656738,1,hangoutA2304237_ephemeral.id.google.com^6e03097151c598,2
1436334657042,1,hangoutA2304237_ephemeral.id.google.com^6e03097151c598,1
1436334657094,1,hangoutA2304237_ephemeral.id.google.com^6e03097151c598,2
1436334657145,1,hangoutA2304237_ephemeral.id.google.com^6e03097151c598,1
1436334657187,1,hangoutA2304237_ephemeral.id.google.com^6e03097151c598,2
1436334657749,1,hangoutA2304237_ephemeral.id.google.com^6e03097151c598,3
1436334657850,1,hangoutA2304237_ephemeral.id.google.com^6e03097151c598,2
1436334658560,1,hangoutA2304237_ephemeral.id.google.com^6e03097151c598,3
1436334658765,1,hangoutA2304237_ephemeral.id.google.com^6e03097151c598,2
1436334658952,1,hangoutA2304237_ephemeral.id.google.com^6e03097151c598,1
1436334658965,1,hangoutA2304237_ephemeral.id.google.com^6e03097151c598,0
1436334659170,1,hangoutA2304237_ephemeral.id.google.com^6e03097151c598,2
1436334659268,1,hangoutA2304237_ephemeral.id.google.com^6e03097151c598,4
1436334659369,1,hangoutA2304237_ephemeral.id.google.com^6e03097151c598,3
1436334659471,1,hangoutA2304237_ephemeral.id.google.com^6e03097151c598,2
1436334659576,1,hangoutA2304237_ephemeral.id.google.com^6e03097151c598,5
1436334659605,1,hangoutA2304237_ephemeral.id.google.com^6e03097151c598,3
1436334659680,1,hangoutA2304237_ephemeral.id.google.com^6e03097151c598,5
1436334659880,1,hangoutA2304237_ephemeral.id.google.com^6e03097151c598,4
1436334659980,1,hangoutA2304237_ephemeral.id.google.com^6e03097151c598,2
1436334660087,1,hangoutA2304237_ephemeral.id.google.com^6e03097151c598,1
1436334660159,1,hangoutA2304237_ephemeral.id.google.com^6e03097151c598,5
1436334660390,1,hangoutA2304237_ephemeral.id.google.com^6e03097151c598,3
1436334660494,1,hangoutA2304237_ephemeral.id.google.com^6e03097151c598,4
1436334660596,1,hangoutA2304237_ephemeral.id.google.com^6e03097151c598,3
1436334660696,1,hangoutA2304237_ephemeral.id.google.com^6e03097151c598,5
1436334660901,1,hangoutA2304237_ephemeral.id.google.com^6e03097151c598,2
1436334660904,1,hangoutA2304237_ephemeral.id.google.com^6e03097151c598,4
1436334660994,1,hangoutA2304237_ephemeral.id.google.com^6e03097151c598,1
1436334661000,1,hangoutA2304237_ephemeral.id.google.com^6e03097151c598,3
1436334661367,1,hangoutA2304237_ephemeral.id.google.com^6e03097151c598,1
1436334661404,1,hangoutA2304237_ephemeral.id.google.com^6e03097151c598,2
1436334661461,1,hangoutA2304237_ephemeral.id.google.com^6e03097151c598,3
1436334661608,1,hangoutA2304237_ephemeral.id.google.com^6e03097151c598,4
1436334661812,1,hangoutA2304237_ephemeral.id.google.com^6e03097151c598,2
1436334661832,1,hangoutA2304237_ephemeral.id.google.com^6e03097151c598,0
1436334661916,1,hangoutA2304237_ephemeral.id.google.com^6e03097151c598,3
1436334661924,1,hangoutA2304237_ephemeral.id.google.com^6e03097151c598,2
1436334662016,1,hangoutA2304237_ephemeral.id.google.com^6e03097151c598,3
1436334662116,1,hangoutA2304237_ephemeral.id.google.com^6e03097151c598,2
1436334662203,1,hangoutA2304237_ephemeral.id.google.com^6e03097151c598,0
1436334662217,1,hangoutA2304237_ephemeral.id.google.com^6e03097151c598,3
1436334662480,1,hangoutA2304237_ephemeral.id.google.com^6e03097151c598,0
1436334662524,1,hangoutA2304237_ephemeral.id.google.com^6e03097151c598,1
1436334662574,1,hangoutA2304237_ephemeral.id.google.com^6e03097151c598,0
1436334662728,1,hangoutA2304237_ephemeral.id.google.com^6e03097151c598,5
1436334662931,1,hangoutA2304237_ephemeral.id.google.com^6e03097151c598,4
1436334663033,1,hangoutA2304237_ephemeral.id.google.com^6e03097151c598,2
1436334663039,1,hangoutA2304237_ephemeral.id.google.com^6e03097151c598,3
1436334663131,1,hangoutA2304237_ephemeral.id.google.com^6e03097151c598,0
1436334663338,1,hangoutA2304237_ephemeral.id.google.com^6e03097151c598,4
1436334663441,1,hangoutA2304237_ephemeral.id.google.com^6e03097151c598,5
1436334663643,1,hangoutA2304237_ephemeral.id.google.com^6e03097151c598,2
1436334663784,1,hangoutA2304237_ephemeral.id.google.com^6e03097151c598,3
1436334663954,1,hangoutA2304237_ephemeral.id.google.com^6e03097151c598,5
1436334664155,1,hangoutA2304237_ephemeral.id.google.com^6e03097151c598,2
1436334664246,1,hangoutA2304237_ephemeral.id.google.com^6e03097151c598,3
1436334664339,1,hangoutA2304237_ephemeral.id.google.com^6e03097151c598,1
1436334664358,1,hangoutA2304237_ephemeral.id.google.com^6e03097151c598,2
1436334664460,1,hangoutA2304237_ephemeral.id.google.com^6e03097151c598,5
1436334664664,1,hangoutA2304237_ephemeral.id.google.com^6e03097151c598,3
1436334664766,1,hangoutA2304237_ephemeral.id.google.com^6e03097151c598,1
1436334664802,1,hangoutA2304237_ephemeral.id.google.com^6e03097151c598,0
1436334665783,1,hangoutA2304237_ephemeral.id.google.com^6e03097151c598,4
1436334665824,1,hangoutA2304237_ephemeral.id.google.com^6e03097151c598,5
1436334665885,1,hangoutA2304237_ephemeral.id.google.com^6e03097151c598,4
1436334665984,1,hangoutA2304237_ephemeral.id.google.com^6e03097151c598,3
1436334666085,1,hangoutA2304237_ephemeral.id.google.com^6e03097151c598,2
1436334666103,1,hangoutA2304237_ephemeral.id.google.com^6e03097151c598,3
1436334666186,1,hangoutA2304237_ephemeral.id.google.com^6e03097151c598,2
1436334666293,1,hangoutA2304237_ephemeral.id.google.com^6e03097151c598,3
1436334666296,1,hangoutA2304237_ephemeral.id.google.com^6e03097151c598,2
1436334666385,1,hangoutA2304237_ephemeral.id.google.com^6e03097151c598,3
1436334666474,1,hangoutA2304237_ephemeral.id.google.com^6e03097151c598,2
1436334666568,1,hangoutA2304237_ephemeral.id.google.com^6e03097151c598,5
1436334666754,1,hangoutA2304237_ephemeral.id.google.com^6e03097151c598,4
1436334666793,1,hangoutA2304237_ephemeral.id.google.com^6e03097151c598,2
1436334666846,1,hangoutA2304237_ephemeral.id.google.com^6e03097151c598,0
1436334667098,1,hangoutA2304237_ephemeral.id.google.com^6e03097151c598,3
1436334667199,1,hangoutA2304237_ephemeral.id.google.com^6e03097151c598,4
1436334667218,1,hangoutA2304237_ephemeral.id.google.com^6e03097151c598,3
1436334667301,1,hangoutA2304237_ephemeral.id.google.com^6e03097151c598,4
1436334667405,1,hangoutA2304237_ephemeral.id.google.com^6e03097151c598,2
1436334667406,1,hangoutA2304237_ephemeral.id.google.com^6e03097151c598,3
1436334667496,1,hangoutA2304237_ephemeral.id.google.com^6e03097151c598,4
1436334667507,1,hangoutA2304237_ephemeral.id.google.com^6e03097151c598,5
1436334667608,1,hangoutA2304237_ephemeral.id.google.com^6e03097151c598,4
1436334667709,1,hangoutA2304237_ephemeral.id.google.com^6e03097151c598,5
1436334667867,1,hangoutA2304237_ephemeral.id.google.com^6e03097151c598,2
1436334667961,1,hangoutA2304237_ephemeral.id.google.com^6e03097151c598,0
1436334668054,1,hangoutA2304237_ephemeral.id.google.com^6e03097151c598,2
1436334668220,1,hangoutA2304237_ephemeral.id.google.com^6e03097151c598,3
1436334668518,1,hangoutA2304237_ephemeral.id.google.com^6e03097151c598,5
1436334668703,1,hangoutA2304237_ephemeral.id.google.com^6e03097151c598,4
1436334668725,1,hangoutA2304237_ephemeral.id.google.com^6e03097151c598,2
1436334668796,1,hangoutA2304237_ephemeral.id.google.com^6e03097151c598,1
1436334668824,1,hangoutA2304237_ephemeral.id.google.com^6e03097151c598,5
1436334668926,1,hangoutA2304237_ephemeral.id.google.com^6e03097151c598,4
1436334668984,1,hangoutA2304237_ephemeral.id.google.com^6e03097151c598,5
1436334669028,1,hangoutA2304237_ephemeral.id.google.com^6e03097151c598,4
1436334669076,1,hangoutA2304237_ephemeral.id.google.com^6e03097151c598,0
1436334669130,1,hangoutA2304237_ephemeral.id.google.com^6e03097151c598,2
1436334669168,1,hangoutA2304237_ephemeral.id.google.com^6e03097151c598,0
1436334669353,1,hangoutA2304237_ephemeral.id.google.com^6e03097151c598,2
1436334669435,1,hangoutA2304237_ephemeral.id.google.com^6e03097151c598,5
1436334669725,1,hangoutA2304237_ephemeral.id.google.com^6e03097151c598,1
1436334669740,1,hangoutA2304237_ephemeral.id.google.com^6e03097151c598,2
1436334669842,1,hangoutA2304237_ephemeral.id.google.com^6e03097151c598,1
1436334669944,1,hangoutA2304237_ephemeral.id.google.com^6e03097151c598,3
1436334670247,1,hangoutA2304237_ephemeral.id.google.com^6e03097151c598,2
1436334670352,1,hangoutA2304237_ephemeral.id.google.com^6e03097151c598,0
1436334671161,1,hangoutA2304237_ephemeral.id.google.com^6e03097151c598,1
1436334671264,1,hangoutA2304237_ephemeral.id.google.com^6e03097151c598,5
1436334671494,1,hangoutA2304237_ephemeral.id.google.com^6e03097151c598,3
1436334671569,1,hangoutA2304237_ephemeral.id.google.com^6e03097151c598,5
1436334671770,1,hangoutA2304237_ephemeral.id.google.com^6e03097151c598,4
1436334671772,1,hangoutA2304237_ephemeral.id.google.com^6e03097151c598,5
1436334671862,1,hangoutA2304237_ephemeral.id.google.com^6e03097151c598,1
1436334671873,1,hangoutA2304237_ephemeral.id.google.com^6e03097151c598,2
1436334671957,1,hangoutA2304237_ephemeral.id.google.com^6e03097151c598,0
1436334672048,1,hangoutA2304237_ephemeral.id.google.com^6e03097151c598,5
1436334672386,1,hangoutA2304237_ephemeral.id.google.com^6e03097151c598,2
1436334672419,1,hangoutA2304237_ephemeral.id.google.com^6e03097151c598,1
1436334672484,1,hangoutA2304237_ephemeral.id.google.com^6e03097151c598,3
1436334672513,1,hangoutA2304237_ephemeral.id.google.com^6e03097151c598,2
1436334672588,1,hangoutA2304237_ephemeral.id.google.com^6e03097151c598,3
1436334672693,1,hangoutA2304237_ephemeral.id.google.com^6e03097151c598,2
1436334672698,1,hangoutA2304237_ephemeral.id.google.com^6e03097151c598,3
1436334672894,1,hangoutA2304237_ephemeral.id.google.com^6e03097151c598,1
1436334672979,1,hangoutA2304237_ephemeral.id.google.com^6e03097151c598,0
1436334672992,1,hangoutA2304237_ephemeral.id.google.com^6e03097151c598,3
1436334673255,1,hangoutA2304237_ephemeral.id.google.com^6e03097151c598,2
1436334673440,1,hangoutA2304237_ephemeral.id.google.com^6e03097151c598,3
1436334673605,1,hangoutA2304237_ephemeral.id.google.com^6e03097151c598,2
1436334674184,1,hangoutA2304237_ephemeral.id.google.com^6e03097151c598,1
1436334674210,1,hangoutA2304237_ephemeral.id.google.com^6e03097151c598,0
1436334690437,1,hangoutA2304237_ephemeral.id.google.com^6e03097151c598,1
1436334690530,1,hangoutA2304237_ephemeral.id.google.com^6e03097151c598,0
1436334751051,1,hangoutA2304237_ephemeral.id.google.com^6e03097151c598,1
1436334751152,1,hangoutA2304237_ephemeral.id.google.com^6e03097151c598,0
